[
    {
        "names":[
            "BP_TriCeiling_Adobe"
        ],
        "img":"adobe_triangle_ceiling",
        "displayType":0,
        "pixelsPerMeter":87,
        "priority":9,
        "type":1
    },
    {
        "names":[
            "BP_TriCeiling_Greenhouse"
        ],
        "img":"greenhouse_triangle_ceiling",
        "displayType":0,
        "pixelsPerMeter":87,
        "priority":9,
        "type":1
    },
    {
        "names":[
            "BP_TriCeiling_Metal"
        ],
        "img":"metal_triangle_ceiling",
        "displayType":0,
        "pixelsPerMeter":87,
        "priority":9,
        "type":1
    },
    {
        "names":[
            "BP_TriCeiling_Stone"
        ],
        "img":"stone_triangle_ceiling",
        "displayType":0,
        "pixelsPerMeter":87,
        "priority":9,
        "type":1
    },
    {
        "names":[
            "BP_TriCeiling_Tek"
        ],
        "img":"tek_triangle_ceiling",
        "displayType":0,
        "pixelsPerMeter":87,
        "priority":9,
        "type":1
    },
    {
        "names":[
            "BP_TriCeiling_Wood"
        ],
        "img":"wood_triangle_ceiling",
        "displayType":0,
        "pixelsPerMeter":87,
        "priority":9,
        "type":1
    },



    {
        "names":[
            "Ceiling_Metal",
            "MetalRoof_SM"
        ],
        "img":"metal_square_ceiling",
        "displayType":0,
        "pixelsPerMeter":87,
        "priority":9,
        "type":0
    },
    {
        "names":[
            "Ceiling_Stone",
            "StoneRoof_SM"
        ],
        "img":"stone_square_ceiling",
        "displayType":0,
        "pixelsPerMeter":87,
        "priority":9,
        "type":0
    },
    {
        "names":[
            "Ceiling_Tek",
            "TekRoof_SM"
        ],
        "img":"tek_square_ceiling",
        "displayType":0,
        "pixelsPerMeter":87,
        "priority":9,
        "type":0
    },
    {
        "names":[
            "Ceiling_Wood_SM",
            "WoodRoof_SM"
        ],
        "img":"wood_square_ceiling",
        "displayType":0,
        "pixelsPerMeter":87,
        "priority":9,
        "type":0
    },
    {
        "names":[
            "Greenhouse_Ceiling",
            "Greenhouse_Roof"
        ],
        "img":"greenhouse_square_ceiling",
        "displayType":0,
        "pixelsPerMeter":87,
        "priority":9,
        "type":0
    },
    {
        "names":[
            "Thatch_Ceiling",
            "ThatchRoof_SM"
        ],
        "img":"thatch_square_ceiling",
        "displayType":0,
        "pixelsPerMeter":87,
        "priority":9,
        "type":0
    },
    {
        "names":[
            "SM_AdobeCeiling_BP",
            "SM_AdobeSlopedCeiling_BP"
        ],
        "img":"adobe_square_ceiling",
        "displayType":0,
        "pixelsPerMeter":87,
        "priority":9,
        "type":0
    },



    {
        "names":[
            "Floor_Metal"
        ],
        "img":"metal_square_foundation",
        "displayType":0,
        "pixelsPerMeter":87,
        "priority":1,
        "type":2
    },
    {
        "names":[
            "SM_AdobeFloor_BP"
        ],
        "img":"adobe_square_foundation",
        "displayType":0,
        "pixelsPerMeter":87,
        "priority":1,
        "type":2
    },
    {
        "names":[
            "Floor_Stone"
        ],
        "img":"stone_square_foundation",
        "displayType":0,
        "pixelsPerMeter":87,
        "priority":1,
        "type":2
    },
    {
        "names":[
            "Floor_Tek"
        ],
        "img":"tek_square_foundation",
        "displayType":0,
        "pixelsPerMeter":87,
        "priority":1,
        "type":2
    },
    {
        "names":[
            "Floor_Wood_SM_New"
        ],
        "img":"wood_square_foundation",
        "displayType":0,
        "pixelsPerMeter":87,
        "priority":1,
        "type":2
    },
    {
        "names":[
            "Floor_Thatch"
        ],
        "img":"thatch_square_foundation",
        "displayType":0,
        "pixelsPerMeter":87,
        "priority":1,
        "type":2
    },


    {
        "names":[
            "BP_TriFoundation_Metal"
        ],
        "img":"metal_triangle_foundation",
        "displayType":0,
        "pixelsPerMeter":87,
        "priority":1,
        "type":3
    },
    {
        "names":[
            "BP_TriFoundation_Adobe"
        ],
        "img":"adobe_triangle_foundation",
        "displayType":0,
        "pixelsPerMeter":87,
        "priority":1,
        "type":3
    },
    {
        "names":[
            "BP_TriFoundation_Stone"
        ],
        "img":"stone_triangle_foundation",
        "displayType":0,
        "pixelsPerMeter":87,
        "priority":1,
        "type":3
    },
    {
        "names":[
            "BP_TriFoundation_Tek"
        ],
        "img":"tek_triangle_foundation",
        "displayType":0,
        "pixelsPerMeter":87,
        "priority":1,
        "type":3
    },
    {
        "names":[
            "BP_TriFoundation_Wood"
        ],
        "img":"wood_triangle_foundation",
        "displayType":0,
        "pixelsPerMeter":87,
        "priority":1,
        "type":3
    },





    {
        "names":[
            "BP_Ramp_Metal",
            "Ramp_Metal"
        ],
        "img":"metal_ramp",
        "displayType":0,
        "pixelsPerMeter":87,
        "priority":10,
        "type":4
    },
    {
        "names":[
            "BP_Ramp_Adobe",
            "SM_AdobeRamp_BP"
        ],
        "img":"adobe_ramp",
        "displayType":0,
        "pixelsPerMeter":87,
        "priority":10,
        "type":4
    },
    {
        "names":[
            "BP_Ramp_Stone"
        ],
        "img":"stone_ramp",
        "displayType":0,
        "pixelsPerMeter":87,
        "priority":10,
        "type":4
    },
    {
        "names":[
            "BP_Ramp_Tek",
            "Ramp_Tek"
        ],
        "img":"tek_ramp",
        "displayType":0,
        "pixelsPerMeter":87,
        "priority":10,
        "type":4
    },
    {
        "names":[
            "BP_Ramp_Wood",
            "Ramp_Wood_SM_New"
        ],
        "img":"wood_ramp",
        "displayType":0,
        "pixelsPerMeter":87,
        "priority":10,
        "type":4
    },






    {
        "names":[
            "WindowWall_Wood_SM_New",
            "Wall_Wood_Small_SM_New",
            "WoodWall_Sloped_Left_SM",
            "WoodWall_Sloped_Right_SM",
            "Doorframe_Wood_SM_New",
            "BP_DoubleDoorframe_Wood"
        ],
        "img":"wood_wall",
        "displayType":0,
        "pixelsPerMeter":87,
        "priority":3,
        "type":5
    },
    {
        "names":[
            "SM_AdobeWindowWall_BP",
            "SM_AdobeWall_BP",
            "SM_AdobeSlopedWall_Left_BP",
            "SM_AdobeSlopedWall_Right_BP",
            "SM_AdobeDoorFrame_BP",
            "BP_DoubleDoorframe_Adobe"
        ],
        "img":"adobe_wall",
        "displayType":0,
        "pixelsPerMeter":87,
        "priority":3,
        "type":5
    },
    {
        "names":[
            "Greenhouse_WindowWall",
            "Greenhouse_Wall",
            "Greenhouse_Sloped_Wall_Left",
            "Greenhouse_Sloped_Wall_Right",
            "Greenhouse_Doorframe",
            "BP_DoubleDoorFrame_Greenhouse"
        ],
        "img":"greenhouse_wall",
        "displayType":0,
        "pixelsPerMeter":87,
        "priority":3,
        "type":5
    },
    {
        "names":[
            "WindowWall_Stone",
            "Wall_Stone",
            "StoneWall_Sloped_Left_SM",
            "StoneWall_Sloped_Right_SM",
            "Doorframe_Stone",
            "BP_DoubleDoorframe_Stone"
        ],
        "img":"stone_wall",
        "displayType":0,
        "pixelsPerMeter":87,
        "priority":3,
        "type":5
    },
    {
        "names":[
            "WindowWall_Metal",
            "Wall_Metal",
            "MetalWall_Sloped_Left_SM",
            "MetalWall_Sloped_Right_SM",
            "Doorframe_Metal",
            "BP_DoubleDoorframe_Metal"
        ],
        "img":"metal_wall",
        "displayType":0,
        "pixelsPerMeter":87,
        "priority":3,
        "type":5
    },
    {
        "names":[
            "WindowWall_Thatch",
            "Thatch_Wall_Small",
            "ThatchWall_Sloped_Left_SM",
            "ThatchWall_Sloped_Right_SM",
            "Thatch_Doorframe",
        ],
        "img":"thatch_wall",
        "displayType":0,
        "pixelsPerMeter":87,
        "priority":3,
        "type":5
    },
    {
        "names":[
            "WindowWall_Tek",
            "Wall_Tek",
            "TekWall_Sloped_Left_SM",
            "TekWall_Sloped_Right_SM",
            "Doorframe_Tek",
            "BP_DoubleDoorframe_Tek"
        ],
        "img":"tek_wall",
        "displayType":0,
        "pixelsPerMeter":87,
        "priority":3,
        "type":5
    },
]