{"additiveTamingBonusModifier":{"Health":0.14,"Stamina":0.0,"Torpidity":0.0,"Oxygen":0.0,"Food":0.0,"Water":0.0,"Temperature":0.0,"Weight":0.0,"MeleeDamage":0.14,"Speed":0.0,"TemperatureFortitude":0.0,"CraftingSpeed":0.0},"multiplicativeTamingBonusModifier":{"Health":0.44,"Stamina":0.0,"Torpidity":0.0,"Oxygen":0.0,"Food":0.0,"Water":0.0,"Temperature":0.0,"Weight":0.0,"MeleeDamage":0.44,"Speed":0.0,"TemperatureFortitude":0.0,"CraftingSpeed":0.0},"increasePerTamedLevelModifier":{"Health":0.2,"Stamina":0.0,"Torpidity":0.0,"Oxygen":0.0,"Food":0.0,"Water":0.0,"Temperature":0.0,"Weight":0.0,"MeleeDamage":0.17,"Speed":0.0,"TemperatureFortitude":0.0,"CraftingSpeed":0.0},"increasePerWildLevelModifier":1.0,"serverConfig_tamedBaseHealthMultiplier":1.0,"serverConfig_babyImprintingStatScaleMultiplier":1.0}